group_id,group_type,creator_id,create_time,member_count
group_86122055,学习群,user_33202226,2021-10-15 04:41:46,7
group_46796869,兴趣群,user_63260536,2015-08-11 00:58:05,7
group_10518756,学习群,user_12557660,2017-12-23 14:17:10,7
group_49526597,临时活动群,user_17229691,2024-03-21 17:51:05,7
group_21341268,游戏群,user_06032603,2021-01-10 01:40:15,7
group_12823081,学习群,user_56033017,2018-10-22 12:02:28,8
group_83054125,兴趣群,user_32229505,2017-06-24 08:15:18,7
group_11735209,音乐群,user_57050666,2019-06-04 17:51:47,7
group_56469742,游戏群,user_26956427,2019-08-07 06:19:26,7
group_13424369,兴趣群,user_41562104,2020-01-20 15:09:06,7
group_31756843,兴趣群,user_91243032,2018-06-14 21:16:04,7
group_97387786,校友群,user_62097905,2020-12-06 22:43:38,7
group_75206899,家庭群,user_66762906,2021-06-18 01:27:07,23
group_72113384,临时活动群,user_72507812,2024-07-31 01:21:44,7
group_83006033,行业群,user_41235658,2019-07-09 12:54:28,7
group_12553422,兴趣群,user_12552527,2018-01-31 21:59:27,7
group_44393224,校友群,user_49179896,2024-11-21 14:54:49,8
group_98962460,旅行群,user_36894304,2021-01-21 11:46:26,7
group_11983383,学习群,user_46328355,2022-03-15 11:57:13,7
group_22131384,音乐群,user_33944559,2020-12-26 09:27:28,7
group_42255501,家庭群,user_79089013,2018-02-18 17:11:15,7
group_34019446,工作群,user_84021703,2020-02-01 17:23:00,7
group_59504577,行业群,user_93000021,2018-01-07 04:40:29,10
group_16984412,工作群,user_08203314,2018-08-24 09:50:17,8
group_28450221,工作群,user_88486748,2019-01-21 02:53:47,7
group_30196963,工作群,user_35729011,2016-11-11 05:46:23,7
group_11873894,校友群,user_14856414,2021-06-24 02:18:03,7
group_64216190,工作群,user_27643482,2017-04-08 12:43:24,7
group_30243415,运动群,user_01355201,2017-02-17 02:24:02,7
group_24862505,社区群,user_57898136,2020-08-22 04:49:39,7
group_21503836,临时活动群,user_29935760,2017-11-01 02:17:49,10
group_29029120,行业群,user_83700784,2020-03-03 09:00:47,7
group_06668527,工作群,user_53261873,2021-06-24 23:08:15,10
group_54817440,行业群,user_69471383,2021-12-07 16:14:16,7
group_35405697,工作群,user_72099271,2025-02-08 11:24:01,10
group_82114372,学习群,user_72300065,2024-02-08 05:29:11,8
group_91646152,游戏群,user_38665004,2020-02-16 10:01:46,7
group_59553496,音乐群,user_61663985,2023-09-05 00:34:17,7
group_58888271,时尚群,user_84724218,2024-07-19 20:24:34,7
group_23860142,工作群,user_32981689,2019-11-23 04:49:53,8
group_68031667,学习群,user_65093025,2025-03-26 06:40:17,7
group_80081627,其他群,user_34068335,2024-08-20 22:15:38,8
group_16414604,学习群,user_72857564,2021-12-22 01:55:48,7
group_36328488,工作群,user_01635603,2016-01-19 05:18:44,7
group_63004417,艺术群,user_82992219,2018-08-23 21:37:27,8
group_98459744,临时活动群,user_19054563,2022-10-29 20:01:46,7
group_18017952,艺术群,user_60051085,2025-03-12 06:31:44,9
group_59201355,家庭群,user_08143468,2020-11-09 16:23:14,7
group_50597538,行业群,user_92531750,2021-07-05 10:53:48,8
group_43401743,工作群,user_75920889,2016-01-31 02:59:58,9
group_73061857,行业群,user_40375359,2022-08-04 15:49:53,7
group_84569770,学习群,user_92908045,2020-02-28 17:41:36,7
group_75560718,其他群,user_14212861,2022-12-31 10:19:06,7
group_20761659,家庭群,user_82398946,2017-08-03 15:28:18,7
group_80744927,学习群,user_44150937,2024-06-05 11:55:53,7
group_27431235,工作群,user_40710155,2018-06-29 13:10:00,7
group_22260248,学习群,user_16452780,2019-10-24 05:11:39,7
group_05055554,工作群,user_22819708,2017-03-30 20:50:05,7
group_50459535,运动群,user_34231287,2019-11-26 22:02:04,7
group_69833438,社区群,user_76675151,2016-04-25 19:36:57,7
group_52116826,家庭群,user_48999764,2016-09-05 13:27:54,7
group_26959834,游戏群,user_62422395,2023-07-26 15:16:27,7
group_53521700,学习群,user_45070200,2019-06-02 22:39:30,7
group_38961257,家庭群,user_83205029,2020-12-14 09:38:47,7
group_36562978,家庭群,user_67948714,2016-07-17 19:35:33,7
group_23821019,校友群,user_45597420,2023-11-11 23:09:57,8
group_47475275,兴趣群,user_56031383,2020-01-16 19:18:36,9
group_16568720,家庭群,user_62859320,2017-05-05 03:42:17,10
group_06756878,工作群,user_43845072,2023-08-21 08:17:03,8
group_81788954,旅行群,user_31407506,2024-09-11 04:28:44,7
group_98683734,校友群,user_60853544,2016-05-23 18:48:59,7
group_55133065,家庭群,user_78135494,2022-11-16 03:51:33,23
group_62088455,学习群,user_93047134,2017-12-15 23:13:36,16
group_41021874,临时活动群,user_05826624,2024-06-19 21:31:59,7
group_80658214,其他群,user_64857016,2020-06-06 07:31:53,7
group_80732121,宠物群,user_63260536,2019-09-20 04:53:11,7
group_87523085,工作群,user_21761086,2024-12-30 00:38:13,7
group_09851129,家庭群,user_05432846,2024-03-07 15:25:06,11
group_89024974,临时活动群,user_47072733,2021-10-25 01:15:38,7
group_24817482,教育群,user_59456130,2020-04-24 04:14:14,7
group_90772916,兴趣群,user_68216839,2024-11-16 10:48:32,7
group_85413202,社区群,user_16870327,2021-08-02 05:17:32,9
group_74212736,社区群,user_96433133,2022-10-15 05:54:34,8
group_23454179,工作群,user_10102536,2021-06-19 04:59:58,7
group_49087365,工作群,user_32526593,2024-03-01 06:26:49,7
group_00436887,学习群,user_58114902,2022-09-14 01:46:01,9
group_95507259,行业群,user_18789444,2022-08-28 02:33:38,8
group_99631446,游戏群,user_34997162,2025-04-22 06:07:40,64
group_65908899,音乐群,user_26657032,2017-12-29 04:12:03,7
group_91067624,工作群,user_18108196,2017-11-08 04:26:55,9
group_75362923,行业群,user_92320888,2022-02-09 09:32:56,8
group_46206952,家庭群,user_38780873,2020-10-02 18:54:44,7
group_39661021,摄影群,user_11707985,2018-11-02 02:34:44,7
group_15923657,校友群,user_16546614,2019-03-15 00:24:22,8
group_41774315,学习群,user_63225233,2016-02-29 09:33:53,7
group_10459376,家庭群,user_00560124,2019-04-22 22:02:44,7
group_32701364,临时活动群,user_60688153,2018-05-06 09:57:38,7
group_20884604,工作群,user_49412770,2021-03-05 04:24:18,7
group_74691607,行业群,user_73099523,2021-05-31 11:24:41,7
group_56762463,家庭群,user_61923732,2019-12-10 14:52:31,7
group_41088628,工作群,user_17987527,2019-06-07 06:50:49,8
group_24376749,校友群,user_43845072,2023-02-19 15:39:46,7
group_15956651,游戏群,user_98686823,2020-08-14 01:35:01,7
group_07630973,临时活动群,user_24972744,2024-05-23 08:20:18,7
group_14717466,兴趣群,user_94924990,2016-10-15 08:54:26,7
group_68640639,工作群,user_97671737,2024-03-20 03:51:40,7
group_97659446,社区群,user_11145556,2023-10-22 11:07:23,7
group_95641496,游戏群,user_74492235,2024-11-03 19:34:17,8
group_96346017,家庭群,user_74241862,2024-02-04 23:29:43,7
group_63444925,工作群,user_44661011,2021-06-24 16:33:32,7
group_22485496,旅行群,user_94105425,2024-10-16 04:02:35,7
group_12660205,临时活动群,user_17019476,2020-08-15 02:41:44,7
group_56419854,社区群,user_92420153,2021-03-16 00:28:32,7
group_70546385,宠物群,user_94120739,2024-09-22 20:38:01,7
group_50209119,学习群,user_69869408,2024-02-08 07:26:12,8
group_42658842,临时活动群,user_50955333,2021-04-04 05:42:45,9
group_11824837,电影群,user_62780116,2019-08-13 02:07:02,7
group_65399973,工作群,user_61471758,2019-12-09 14:26:29,7
group_39929705,社区群,user_31197968,2024-01-12 01:20:32,7
group_78356680,校友群,user_36443595,2025-03-19 09:08:18,7
group_35866166,其他群,user_03948459,2021-12-05 00:27:54,7
group_28985353,工作群,user_20400415,2024-05-22 01:25:52,7
group_52105339,家庭群,user_12355382,2024-01-09 21:07:08,8
group_29859631,兴趣群,user_64916507,2020-08-23 07:48:13,8
group_55908444,游戏群,user_40611865,2018-03-22 04:03:12,11
group_43897352,学习群,user_49838891,2020-06-09 19:22:31,7
group_46615728,兴趣群,user_29108974,2024-11-16 07:28:45,7
group_17093267,行业群,user_45979632,2020-09-19 05:54:09,7
group_00700776,其他群,user_52261715,2024-05-19 17:28:03,7
group_49499403,兴趣群,user_01930112,2022-11-11 20:29:09,7
group_29863053,家庭群,user_03278577,2018-05-08 06:33:00,7
group_11400450,临时活动群,user_48140448,2021-02-20 04:25:59,7
group_27406464,学习群,user_16801851,2021-08-12 13:27:41,7
group_65938439,工作群,user_00234835,2021-12-23 01:57:57,9
group_48224233,家庭群,user_04008934,2018-03-21 23:08:48,8
group_80067844,校友群,user_91512430,2016-09-30 12:35:23,7
group_63595061,家庭群,user_57737536,2019-12-17 12:02:21,10
group_78448424,电影群,user_74413320,2021-01-01 09:40:28,7
group_67505594,校友群,user_66054852,2021-11-13 09:41:37,7
group_72271366,游戏群,user_50114511,2022-07-17 06:02:29,7
group_06236115,兴趣群,user_82449705,2019-04-24 01:46:06,14
group_49260038,校友群,user_83048370,2020-10-06 14:44:42,7
group_63546807,家庭群,user_76289249,2023-12-15 20:00:51,7
group_67364961,家庭群,user_79332005,2024-06-07 08:13:03,7
group_54363048,行业群,user_41647649,2018-04-08 14:12:39,8
group_09758099,游戏群,user_26360771,2017-12-08 04:43:29,7
group_31483473,旅行群,user_36546237,2020-11-12 21:44:23,7
group_95695065,兴趣群,user_79184059,2019-05-12 18:57:41,8
group_12302536,行业群,user_33108377,2024-06-04 00:51:02,8
group_90302016,工作群,user_19519313,2021-01-31 11:09:11,10
group_28271897,临时活动群,user_03165916,2024-08-13 21:26:53,31
group_36710209,电影群,user_27759933,2021-11-12 16:54:01,8
group_08795490,宠物群,user_37964173,2023-01-19 22:49:55,7
group_46188707,临时活动群,user_17605867,2024-12-14 09:42:16,7
group_67262462,游戏群,user_25647052,2020-06-10 18:37:03,8
group_61126114,运动群,user_89650046,2022-10-10 09:41:40,7
group_00441246,其他群,user_55691093,2024-09-25 16:02:02,7
group_21413251,时尚群,user_39436203,2019-06-21 08:25:23,9
group_78017177,运动群,user_55888100,2022-10-09 21:52:17,8
group_44217069,运动群,user_23440957,2022-07-29 07:30:30,9
group_24648178,其他群,user_65566819,2016-10-29 01:14:17,7
group_08345735,校友群,user_63678568,2024-05-16 10:37:39,8
group_24612019,学习群,user_03753844,2019-11-04 19:16:18,8
group_14348182,兴趣群,user_88719786,2022-10-25 18:46:42,7
group_74758644,社区群,user_49629058,2022-01-07 18:39:30,7
group_89780322,音乐群,user_80660075,2022-08-29 04:52:37,10
group_33820846,临时活动群,user_92942741,2018-06-12 09:36:58,7
group_61436441,兴趣群,user_59833648,2018-02-07 12:06:30,7
group_75732299,学习群,user_27467651,2022-03-04 03:21:08,12
group_67584349,兴趣群,user_33110620,2015-10-18 11:06:44,7
group_38732246,游戏群,user_74877405,2024-10-04 16:19:00,7
group_59516402,校友群,user_03277794,2019-11-06 00:23:01,7
group_02059590,科技群,user_35615186,2024-12-23 13:50:06,7
group_53220904,家庭群,user_19517590,2018-11-26 09:07:31,11
group_63380737,学习群,user_98200232,2022-05-24 06:32:40,8
group_98517186,社区群,user_04503038,2019-11-27 15:55:14,7
group_40877920,其他群,user_95514471,2022-06-21 06:09:27,7
group_26914052,家庭群,user_66326183,2018-06-21 17:35:06,7
group_54428331,宠物群,user_42591761,2017-08-05 21:04:33,7
group_23905495,其他群,user_95182342,2020-07-18 21:48:29,34
group_07257188,美食群,user_77671928,2021-02-26 15:38:12,13
group_32887449,家庭群,user_20372851,2022-02-09 20:24:05,7
group_09701767,家庭群,user_83055333,2024-09-25 05:33:19,7
group_58506221,工作群,user_82069148,2022-08-22 05:06:12,7
group_16963854,宠物群,user_71809563,2022-02-02 11:45:37,7
group_75620580,社区群,user_54661517,2022-12-12 17:21:45,7
group_01491277,校友群,user_97880759,2019-08-21 18:01:35,7
group_84676809,旅行群,user_69199779,2019-05-27 10:27:13,7
group_45702034,社区群,user_20039888,2024-05-11 10:13:24,7
group_64896624,音乐群,user_86605342,2017-09-01 18:59:28,7
group_65073143,学习群,user_47239604,2024-12-03 10:08:15,7
group_74810792,社区群,user_75097062,2022-03-16 05:05:51,7
group_29342367,学习群,user_89632343,2023-11-16 07:54:22,12
group_09301162,校友群,user_28206892,2023-08-10 02:57:53,7
group_40659460,工作群,user_90162767,2018-09-07 05:28:01,9
group_91147540,其他群,user_09547719,2017-11-21 06:30:33,7
group_54744390,音乐群,user_91141968,2018-12-08 13:19:26,8
group_21391120,兴趣群,user_27937135,2019-06-24 03:49:48,7
group_34127702,工作群,user_40669177,2025-02-01 16:56:25,8
group_25644377,临时活动群,user_17717945,2023-01-26 22:47:44,8
group_42991454,工作群,user_51790718,2024-09-09 15:01:00,8
group_35227355,工作群,user_03145444,2016-04-13 07:02:10,7
group_15174738,工作群,user_80127461,2023-12-07 09:16:01,7
group_51928995,社区群,user_00819686,2021-10-05 02:52:31,7
group_31087188,社区群,user_06577219,2018-12-23 13:00:40,7
group_96005117,家庭群,user_42562133,2020-08-06 14:38:27,7
group_49078257,旅行群,user_34634743,2023-05-17 17:08:16,7
group_08464299,家庭群,user_50148868,2023-12-16 14:31:31,8
group_35039458,运动群,user_81737139,2024-04-27 23:34:50,7
group_60759965,行业群,user_70867776,2019-01-28 12:55:31,9
group_35188878,校友群,user_72646942,2022-06-07 15:53:34,9
group_16909413,运动群,user_07926753,2016-01-21 05:42:15,8
group_94276059,健康群,user_75465593,2018-06-13 04:57:01,7
group_04109258,音乐群,user_63466954,2023-08-04 00:47:21,7
group_59784487,兴趣群,user_56247233,2020-09-24 03:45:42,7
group_65032281,健康群,user_59641317,2024-02-09 20:36:08,7
group_40119487,兴趣群,user_09092032,2024-12-23 12:14:47,8
group_29920186,兴趣群,user_65355234,2022-08-31 04:46:42,7
group_66495859,工作群,user_04834724,2020-10-27 09:56:03,9
group_35726238,工作群,user_00184518,2019-09-07 05:17:54,7
group_65361256,工作群,user_19869123,2024-03-11 19:47:15,9
group_87898447,宠物群,user_69294346,2021-04-07 13:38:58,7
group_35722683,家庭群,user_84534607,2025-04-22 09:08:18,7
group_99390880,行业群,user_24394403,2022-03-20 16:06:10,7
group_71257433,家庭群,user_66159142,2020-04-22 03:34:19,7
group_23604588,学习群,user_12058757,2018-04-17 18:32:31,7
group_04935279,社区群,user_20127603,2018-07-06 00:02:06,7
group_34480153,工作群,user_26376825,2024-05-24 15:22:25,9
group_60920442,行业群,user_45998194,2019-04-29 23:41:56,7
group_46863959,学习群,user_42114543,2025-01-28 18:05:27,7
group_41547391,校友群,user_81057279,2022-09-07 09:52:34,7
group_82048569,电影群,user_01332711,2021-09-19 00:14:17,7
group_15601106,工作群,user_09101147,2021-05-01 11:48:19,7
group_74413388,科技群,user_83788063,2025-03-03 23:02:51,7
group_11020238,兴趣群,user_24892538,2020-03-31 15:03:43,7
group_95332672,游戏群,user_01671922,2025-04-01 02:25:23,7
group_77735335,健康群,user_79812764,2023-04-20 02:41:21,9
group_45788612,社区群,user_20921116,2020-05-28 06:53:12,8
group_20702951,工作群,user_05846124,2018-05-26 02:35:55,7
group_19743650,家庭群,user_76844129,2020-06-13 00:06:17,15
group_70330597,社区群,user_89471960,2020-07-10 01:33:15,7
group_29814951,其他群,user_50201731,2023-08-22 08:05:05,9
group_72754809,其他群,user_21258992,2019-06-20 11:50:44,7
group_49773780,兴趣群,user_42564521,2018-08-03 10:12:40,7
group_26152270,社区群,user_55374974,2022-10-14 15:03:41,7
group_84505761,学习群,user_11994717,2024-10-10 09:13:52,7
group_87618579,社区群,user_86004854,2023-07-09 05:32:46,8
group_96429314,音乐群,user_13849217,2021-03-08 11:15:33,7
group_62630127,校友群,user_24645187,2023-02-09 01:47:54,8
group_77791586,行业群,user_83751821,2021-11-21 00:17:35,8
group_65155743,校友群,user_03165916,2023-06-04 21:27:19,8
group_27453570,行业群,user_49492444,2019-08-11 03:03:41,7
group_29161471,兴趣群,user_69128157,2017-05-03 11:53:23,7
group_57320025,学习群,user_77068015,2020-05-28 19:24:15,7
group_24188936,游戏群,user_26396004,2020-10-23 06:46:28,7
group_84110186,家庭群,user_54841016,2025-02-17 02:18:24,7
group_13549754,工作群,user_15079919,2018-10-22 00:52:39,7
group_96849544,游戏群,user_68079143,2022-12-21 23:57:53,10
group_95299806,电影群,user_98471334,2017-10-26 04:20:07,7
group_87265688,工作群,user_62977115,2017-04-26 01:00:50,17
group_00686956,学习群,user_40611865,2021-12-18 20:47:38,7
group_91253896,兴趣群,user_93091985,2021-01-24 14:29:49,10
group_85708299,校友群,user_51729102,2022-02-20 12:30:07,8
group_92389727,艺术群,user_56725837,2021-06-22 22:48:51,7
group_00152641,校友群,user_10155522,2022-08-23 06:25:39,7
group_73111177,行业群,user_09105997,2024-05-01 23:40:25,8
group_71337568,学习群,user_84592277,2018-07-02 14:49:43,7
group_44213287,工作群,user_89679420,2023-02-10 11:39:44,7
group_16673401,行业群,user_68203085,2019-08-27 17:54:41,7
group_32575807,学习群,user_10207935,2018-10-27 15:06:50,7
group_47854493,家庭群,user_52744539,2021-01-16 05:25:06,7
group_62641212,音乐群,user_89705562,2018-11-16 13:42:55,7
group_07842771,游戏群,user_62892511,2022-12-29 19:18:54,8
group_98691408,兴趣群,user_90212655,2022-07-29 05:57:17,7
group_35564851,社区群,user_13231765,2022-04-14 08:03:00,7
group_74257218,教育群,user_92206647,2018-11-07 07:59:34,7
group_27482436,家庭群,user_67198009,2019-06-14 03:37:44,8
group_94123986,工作群,user_56683396,2019-01-30 22:18:04,10
group_85858977,兴趣群,user_36041411,2021-09-14 18:09:18,10
group_84013263,兴趣群,user_68768236,2021-02-03 11:58:49,9
group_27815793,临时活动群,user_15711630,2019-07-09 13:11:34,7
group_38842617,运动群,user_06040113,2022-07-08 19:23:54,13
group_70854590,家庭群,user_15649810,2022-05-12 06:46:55,7
group_22927797,学习群,user_74861493,2016-08-18 09:53:35,15
group_02397471,游戏群,user_67088178,2021-01-13 23:27:51,7
group_83296845,运动群,user_97379998,2024-07-30 07:32:21,7
group_60964921,家庭群,user_05089115,2020-11-22 12:24:47,7
group_83254628,兴趣群,user_88054894,2019-08-23 23:05:57,7
group_06260177,临时活动群,user_33444537,2022-05-16 09:48:58,8
group_83932887,电影群,user_25518517,2021-04-02 00:00:44,7
group_54513927,摄影群,user_06796741,2021-07-07 23:21:15,7
group_19757378,家庭群,user_78642900,2020-01-02 08:44:00,7
group_45522798,游戏群,user_77194292,2023-10-21 06:03:04,7
group_59999357,家庭群,user_40243102,2018-12-18 16:09:36,7
group_29444045,工作群,user_31641664,2024-06-05 09:24:13,8
group_98453048,教育群,user_71330788,2021-06-11 15:45:35,7
group_04593979,学习群,user_65227236,2023-09-28 19:20:17,7
group_87156030,艺术群,user_93920065,2016-11-06 03:58:16,10
group_64407037,学习群,user_01959122,2025-03-18 01:53:44,8
group_72485107,游戏群,user_37540150,2021-05-13 23:12:01,8
group_86232054,工作群,user_00469694,2022-08-27 06:33:05,7
group_11587013,行业群,user_85587958,2019-05-02 06:35:43,7
group_48547233,运动群,user_65045791,2024-08-06 06:51:48,7
group_45674482,家庭群,user_91161905,2018-06-21 12:45:04,7
group_79514911,美食群,user_20457254,2019-11-21 21:47:02,9
group_00485506,兴趣群,user_79807014,2018-06-10 04:59:19,9
group_25520256,兴趣群,user_19104634,2018-08-03 18:38:12,8
group_14245434,兴趣群,user_29146362,2018-05-31 02:04:20,7
group_62951769,行业群,user_66437951,2021-02-18 08:46:31,8
group_94483066,教育群,user_14671645,2020-12-22 04:34:50,7
group_05503730,临时活动群,user_04291825,2017-09-03 21:03:48,8
group_28626687,家庭群,user_51557506,2022-12-18 16:18:50,10
group_19293447,工作群,user_91223548,2017-02-05 02:52:27,7
group_97023715,家庭群,user_15153344,2021-02-12 03:41:27,7
group_15158157,其他群,user_88049667,2024-01-01 21:10:23,7
group_68236918,行业群,user_19628155,2023-09-03 21:14:06,7
group_12143608,工作群,user_05776655,2022-11-25 11:22:29,8
group_29501767,运动群,user_80844015,2019-06-04 13:20:10,7
group_77597704,临时活动群,user_79104543,2021-09-29 21:16:45,7
group_90611675,校友群,user_32616018,2023-04-13 21:40:00,8
group_33415391,学习群,user_55258912,2021-08-26 17:43:59,8
group_07214820,工作群,user_96765150,2025-01-01 12:17:40,7
group_23588318,学习群,user_38419004,2021-07-11 15:03:14,7
group_35627486,学习群,user_07813043,2020-11-14 00:00:50,7
group_37215031,社区群,user_78554916,2018-01-27 00:10:26,9
group_38340373,校友群,user_01361879,2016-09-09 12:15:28,7
group_63927874,家庭群,user_82178116,2019-12-18 12:07:08,8
group_25918387,工作群,user_45083865,2023-09-06 06:14:23,9
group_79950801,宠物群,user_97414872,2018-02-21 20:12:28,7
group_79744596,运动群,user_53302220,2019-03-03 23:20:09,10
group_02521776,兴趣群,user_94771675,2022-04-20 08:24:41,15
group_55987803,校友群,user_13522610,2025-04-09 12:18:06,7
group_60389480,社区群,user_16133855,2021-08-18 17:50:31,8
group_44811275,学习群,user_90537288,2017-12-09 14:12:14,7
group_46905001,艺术群,user_46463787,2021-03-27 00:55:23,8
group_51771517,家庭群,user_58020913,2021-07-16 20:32:50,7
group_23267449,工作群,user_97292900,2022-07-15 15:58:58,7
group_09603496,工作群,user_68950310,2017-04-28 08:23:02,7
group_06237369,工作群,user_68688391,2023-04-06 09:40:25,9
group_26966062,工作群,user_61918707,2020-04-29 21:10:06,7
group_76287923,校友群,user_33958119,2024-05-15 13:47:37,7
group_60788408,运动群,user_77605911,2022-11-15 14:12:33,12
group_97042327,其他群,user_51163497,2019-01-10 03:23:55,7
group_07882872,音乐群,user_71174565,2023-11-30 11:08:05,7
group_98400850,其他群,user_10370741,2019-02-04 01:28:27,7
group_36955289,临时活动群,user_73043817,2019-06-29 16:19:01,10
group_47986909,学习群,user_26689234,2023-07-16 14:09:24,8
group_08384507,工作群,user_96869613,2022-01-18 20:34:37,7
group_82112890,社区群,user_60282611,2018-06-07 02:49:51,7
group_69031545,校友群,user_22513442,2022-01-12 00:32:33,8
group_92043010,游戏群,user_86433298,2021-05-27 01:12:41,7
group_51354654,校友群,user_78043933,2020-02-02 15:56:51,8
group_38836097,电影群,user_05115645,2021-10-13 07:46:44,8
group_38744599,社区群,user_05127263,2020-08-24 20:45:17,7
group_04868038,运动群,user_83050407,2020-07-03 09:27:05,7
group_25385279,家庭群,user_96326327,2022-04-09 11:25:50,7
group_81808324,运动群,user_65711899,2019-07-29 21:46:42,7
group_91697247,校友群,user_07936978,2022-03-04 09:02:52,7
group_87436958,工作群,user_96048153,2022-03-29 23:27:16,8
group_21287902,校友群,user_88085397,2018-05-06 17:03:04,7
group_10402407,音乐群,user_81259166,2023-06-07 00:23:24,7
group_40978274,工作群,user_43250619,2024-10-11 01:46:35,29
group_38092908,社区群,user_06399571,2022-06-02 06:10:57,7
group_40106412,家庭群,user_86653529,2016-06-08 01:46:48,18
group_39439735,行业群,user_83064991,2016-04-27 21:46:11,8
group_98609132,兴趣群,user_58882309,2016-07-22 04:51:48,7
group_86018905,游戏群,user_52878763,2021-03-25 12:14:54,7
group_96766755,电影群,user_60752113,2018-03-26 08:17:12,7
group_29218541,家庭群,user_61139274,2015-08-05 12:47:15,7
group_30321751,兴趣群,user_59040719,2018-07-18 08:45:56,8
group_74268541,工作群,user_90162767,2020-04-29 04:39:17,7
group_02944367,兴趣群,user_39756359,2019-09-22 06:15:59,7
group_21405867,工作群,user_07064803,2023-04-27 14:48:11,7
group_69486823,其他群,user_54492182,2023-07-14 05:40:50,7
group_01120920,音乐群,user_75492394,2022-04-14 04:57:59,8
group_60968693,行业群,user_20435895,2020-05-16 03:28:02,7
group_36607670,行业群,user_78066985,2016-02-22 21:14:59,7
group_49597056,音乐群,user_20105205,2016-09-27 17:58:28,8
group_24601533,音乐群,user_23719281,2020-04-02 23:26:38,7
group_18028863,其他群,user_97533773,2025-01-31 19:17:09,7
group_85564606,学习群,user_30004633,2020-08-07 12:39:54,7
group_27323393,社区群,user_90112807,2022-01-18 19:45:52,7
group_60401895,家庭群,user_46653269,2017-06-21 14:24:59,8
group_54479545,行业群,user_16045449,2017-08-26 13:25:13,10
group_22242779,宠物群,user_02330985,2019-05-10 10:53:07,7
group_45768662,艺术群,user_30223595,2018-06-09 04:12:05,7
group_15056034,游戏群,user_24577849,2021-05-28 13:45:37,7
group_04809002,社区群,user_89289446,2018-05-31 15:51:22,7
group_13475651,运动群,user_62799817,2019-03-17 05:57:04,7
group_21927697,摄影群,user_90164124,2021-08-31 11:14:46,7
group_79359588,艺术群,user_55631916,2019-01-02 06:49:21,7
group_92635766,社区群,user_78907541,2020-06-21 22:05:07,7
group_22004084,兴趣群,user_07365173,2019-01-14 19:41:28,8
group_75658891,临时活动群,user_44799850,2016-05-21 13:24:09,7
group_57870397,家庭群,user_19405100,2019-01-04 21:41:03,8
group_70809703,家庭群,user_76745076,2017-10-12 15:18:45,7
group_89243989,家庭群,user_60752113,2021-10-26 01:42:11,7
group_14103251,运动群,user_55953662,2019-05-18 09:58:33,19
group_78262134,兴趣群,user_61729153,2023-03-13 02:43:14,7
group_59584259,兴趣群,user_06098031,2022-07-09 09:03:53,7
group_39369818,旅行群,user_47004458,2024-11-26 02:13:56,10
group_25935581,兴趣群,user_06735596,2020-03-24 16:38:53,7
group_68719337,社区群,user_96520249,2022-04-28 04:15:20,7
group_86345801,社区群,user_16648844,2020-12-10 06:26:15,7
group_35449413,健康群,user_76653702,2020-08-10 15:36:35,7
group_29234339,行业群,user_85346330,2025-03-25 14:49:24,7
group_46316947,临时活动群,user_66762906,2019-03-15 21:30:23,7
group_00076134,学习群,user_16312664,2019-10-11 10:20:18,7
group_34724195,行业群,user_59337513,2022-11-04 23:22:36,10
group_44211561,工作群,user_52788972,2020-06-08 13:04:16,7
group_48030363,社区群,user_26884738,2019-01-01 05:04:37,8
group_93498576,校友群,user_32342544,2019-10-09 14:53:57,7
group_83965008,音乐群,user_81161931,2022-10-15 12:32:40,7
group_62439074,音乐群,user_18789271,2020-08-26 11:30:58,7
group_50085444,临时活动群,user_63634561,2023-03-12 04:43:49,7
group_44623857,行业群,user_29675140,2023-04-01 15:39:15,7
group_57227662,家庭群,user_70171647,2016-10-30 03:52:25,7
group_02494033,学习群,user_59522312,2019-11-30 02:45:44,8
group_89637493,学习群,user_88173607,2022-03-21 08:11:29,7
group_83007438,运动群,user_97896689,2023-09-21 12:36:42,7
group_07220392,宠物群,user_61306343,2016-08-01 13:16:09,8
group_16006324,游戏群,user_98123856,2020-02-28 01:32:05,15
group_16964176,工作群,user_07654155,2023-04-06 15:01:46,17
group_37929743,行业群,user_54470234,2023-07-31 21:50:06,9
group_56830630,家庭群,user_62010565,2019-01-23 05:29:34,8
group_81666446,兴趣群,user_75549448,2024-02-16 15:39:05,7
group_44703673,临时活动群,user_79956267,2018-03-16 15:31:34,7
group_10572332,工作群,user_36451084,2020-11-20 10:42:29,8
group_22800295,行业群,user_37949799,2019-08-30 03:03:28,18
group_53560063,临时活动群,user_45307934,2021-11-12 05:56:16,7
group_09921706,艺术群,user_22034165,2021-10-13 11:41:37,7
group_24470350,家庭群,user_47417979,2020-01-31 23:19:53,10
group_88677941,行业群,user_07267962,2019-01-22 23:32:54,7
group_71742532,校友群,user_89141834,2018-06-28 12:46:16,8
group_11148007,工作群,user_77200931,2024-10-12 13:56:05,8
group_30953697,游戏群,user_82394329,2020-04-07 03:02:17,7
group_30163801,旅行群,user_14258762,2021-05-03 12:37:21,9
group_69585297,运动群,user_40313751,2023-03-12 00:56:22,7
group_10323149,兴趣群,user_58242558,2021-03-10 15:44:45,7
group_82063567,临时活动群,user_22513442,2019-01-07 15:01:44,8
group_85365490,临时活动群,user_27868526,2023-12-30 07:43:17,7
group_32148479,时尚群,user_34196944,2019-04-26 04:04:27,7
group_96604323,家庭群,user_61927851,2022-01-13 04:23:25,7
group_62136345,家庭群,user_30804560,2023-07-31 11:13:15,8
group_48497338,美食群,user_83319664,2025-03-28 13:10:58,8
group_19017110,家庭群,user_72404494,2024-02-08 21:21:18,9
group_59876316,家庭群,user_53253941,2022-05-16 09:13:32,7
group_33020324,工作群,user_95635604,2023-04-25 12:32:49,7
group_63564710,兴趣群,user_44295022,2024-08-26 06:45:43,7
group_81877533,学习群,user_58605910,2022-01-09 11:45:41,7
group_22734928,工作群,user_89183812,2023-08-02 00:04:33,7
group_24630225,临时活动群,user_78368635,2023-05-12 07:57:02,7
group_44237489,临时活动群,user_90819340,2022-03-30 18:34:11,7
group_96548887,家庭群,user_63155838,2022-04-01 22:36:53,7
group_98075723,社区群,user_17664774,2022-12-16 06:54:02,8
group_10013625,音乐群,user_68098478,2024-02-14 01:05:30,7
group_65678916,工作群,user_05382602,2023-04-26 03:49:37,20
group_24881346,其他群,user_70571032,2025-03-23 23:24:54,8
group_60237784,校友群,user_65194861,2023-10-24 02:08:20,7
group_56367172,学习群,user_84544114,2024-04-11 19:17:22,7
group_00615740,摄影群,user_10155522,2021-12-28 01:10:11,7
group_94372296,兴趣群,user_94181077,2022-10-02 03:02:23,7
group_89298823,行业群,user_63946230,2018-10-14 14:16:22,7
group_30821040,临时活动群,user_87793959,2020-11-12 16:47:20,8
group_29198123,校友群,user_43067079,2020-07-27 08:23:33,8
group_88086914,校友群,user_04059584,2017-08-05 04:21:15,8
group_45074262,兴趣群,user_08858603,2017-05-08 14:31:35,7
group_74833107,兴趣群,user_79745936,2020-03-04 02:51:53,7
group_28596652,兴趣群,user_35533842,2023-06-13 09:10:34,7
group_11524020,家庭群,user_34829919,2024-10-10 20:43:29,8
group_58289643,社区群,user_01342211,2022-06-23 08:38:44,11
group_00512519,行业群,user_96066013,2022-01-02 00:16:08,7
group_55048066,行业群,user_21919167,2016-01-21 01:00:45,12
group_33172789,教育群,user_41739001,2017-03-10 11:23:15,7
group_14799885,兴趣群,user_33148622,2021-06-18 23:45:45,12
group_55046764,兴趣群,user_17584019,2017-07-23 05:55:05,8
group_49643939,运动群,user_67263895,2023-03-20 07:59:22,8
group_33695982,教育群,user_34532574,2018-03-06 04:44:38,7
group_07996386,校友群,user_35768404,2024-07-30 16:40:31,7
group_53131670,旅行群,user_99132775,2020-11-15 13:48:33,7
group_55577864,运动群,user_10206156,2021-02-20 08:57:16,7
group_53660891,校友群,user_86915284,2020-09-19 07:56:53,7
group_37726983,行业群,user_75263793,2016-05-20 08:44:37,18
group_03105840,音乐群,user_02457523,2020-09-25 16:58:04,7
group_89344902,工作群,user_48426522,2022-02-13 23:08:41,10
group_21101781,工作群,user_05757751,2023-11-27 16:25:33,7
group_91212104,临时活动群,user_23868345,2021-11-29 01:22:37,8
group_94380194,家庭群,user_17748498,2020-09-09 02:40:29,7
group_94155517,学习群,user_18936220,2021-11-18 23:07:39,7
group_64947881,兴趣群,user_69946914,2020-09-11 20:18:52,9
group_39446499,家庭群,user_73097456,2020-08-02 14:26:56,8
group_57906439,游戏群,user_05486838,2020-02-25 20:50:56,7
group_84703683,校友群,user_48626610,2024-06-22 11:40:55,8
group_62741646,行业群,user_50767951,2024-08-10 22:50:54,7
group_67576081,家庭群,user_51903933,2019-01-29 15:22:51,12
group_69836476,兴趣群,user_47135335,2023-04-08 04:02:04,7
group_26197057,工作群,user_63868954,2025-01-17 05:27:25,7
group_56268664,工作群,user_67948714,2021-05-24 03:21:11,7
group_30043231,美食群,user_52654759,2021-07-23 05:15:00,8
group_66891361,家庭群,user_66840025,2024-01-25 07:15:09,7
group_09088326,时尚群,user_43935713,2018-01-31 02:35:26,7
group_83505237,学习群,user_59992865,2022-12-15 18:33:04,28
group_88911755,游戏群,user_26548374,2019-01-26 07:48:27,7
group_02323609,家庭群,user_49502676,2021-01-05 08:01:51,7
group_84720975,学习群,user_01254363,2018-03-10 03:47:21,11
group_47432103,社区群,user_18906385,2015-11-19 17:30:38,7
group_60587988,行业群,user_88923962,2020-04-06 15:17:08,17
group_62783718,游戏群,user_65299378,2021-12-29 19:43:14,10
group_21881861,学习群,user_45605558,2021-04-07 04:13:32,7
group_33930146,家庭群,user_00808371,2024-11-27 16:28:09,8
group_65715744,校友群,user_59358911,2022-11-05 03:10:41,9
group_90694612,校友群,user_66993615,2023-10-03 22:21:52,7
group_11305197,学习群,user_63506447,2024-11-30 11:24:49,7
group_38898091,学习群,user_56063185,2020-06-09 21:39:54,8
group_90129495,艺术群,user_08272604,2016-08-07 21:01:00,7
group_75993621,美食群,user_45754158,2023-03-05 07:12:17,7
group_59920192,家庭群,user_83129964,2016-11-27 09:36:23,10
group_21615798,社区群,user_11175524,2022-10-10 06:36:17,7
group_61212098,学习群,user_86968668,2022-04-05 10:59:31,7
group_42595880,社区群,user_41270728,2023-10-21 23:26:13,7
group_84259763,其他群,user_25422514,2021-01-11 13:23:43,8
group_98721534,摄影群,user_30568860,2021-12-07 00:12:07,7
group_23755227,工作群,user_00654126,2018-01-09 19:22:45,7
group_79593510,兴趣群,user_85733857,2023-06-04 05:42:22,7
group_24201554,工作群,user_61086890,2017-11-10 06:50:24,7
group_17330587,社区群,user_59823717,2025-02-04 08:36:37,8
group_12325937,家庭群,user_96679048,2016-05-27 15:00:22,7
group_30882470,游戏群,user_78841004,2025-02-23 14:23:22,8
group_22660134,工作群,user_61575860,2017-08-29 10:56:16,7
group_04555786,学习群,user_06336427,2024-03-09 06:44:49,15
group_83840760,游戏群,user_06327609,2022-02-15 10:03:40,7
group_89037998,临时活动群,user_96664713,2024-02-28 11:22:40,8
group_28512589,兴趣群,user_22423350,2023-09-30 23:38:19,7
group_23966790,校友群,user_76445468,2016-08-23 13:04:28,7
group_06911227,兴趣群,user_31832135,2018-05-15 21:24:29,12
group_07425271,临时活动群,user_01210237,2020-09-23 03:30:03,7
group_53865433,健康群,user_41668457,2022-01-27 18:48:08,7
group_18591834,校友群,user_03248072,2023-01-19 01:00:49,7
group_74047048,工作群,user_22332736,2025-03-15 12:03:16,7
group_06864091,宠物群,user_38981127,2016-04-22 20:52:02,7
group_62027916,学习群,user_06081445,2020-08-21 09:27:43,7
group_49332334,学习群,user_53789781,2023-02-08 01:01:30,7
group_48586051,家庭群,user_60348088,2024-05-02 06:25:40,7
group_90342835,校友群,user_11515346,2021-10-02 07:07:19,7
group_55929146,兴趣群,user_78880324,2020-06-19 10:39:34,7
group_18355488,工作群,user_17019476,2024-10-01 07:56:12,7
group_36808067,科技群,user_40400854,2023-04-20 17:32:00,7
group_16434260,其他群,user_00305971,2021-11-27 06:22:13,7
group_66434975,运动群,user_10663194,2019-11-19 12:32:31,11
group_49956083,兴趣群,user_34819273,2022-11-07 13:50:45,7
group_91465790,社区群,user_34982591,2023-08-20 21:35:50,7
group_20477480,旅行群,user_62698779,2022-03-20 15:12:09,9
group_56343889,家庭群,user_18313609,2018-03-05 18:44:50,11
group_56028282,家庭群,user_51753425,2020-01-20 16:25:47,7
group_74511382,工作群,user_80701209,2018-12-07 19:40:48,7
group_84989098,社区群,user_37277481,2016-02-11 21:34:40,14
group_16339532,行业群,user_81737829,2024-05-14 11:23:27,7
group_21186954,社区群,user_34725340,2024-11-17 10:06:21,7
group_53556815,音乐群,user_80638429,2021-11-16 00:39:11,7
group_33727217,工作群,user_86195120,2023-05-24 23:49:46,7
group_25701624,音乐群,user_67928051,2022-05-24 12:59:50,7
group_49587775,校友群,user_98575981,2021-12-15 04:27:50,7
group_77721746,美食群,user_62432230,2020-04-30 15:50:22,7
group_18011923,其他群,user_73254354,2024-07-14 17:10:36,7
group_82756844,运动群,user_70938455,2022-03-15 04:48:22,7
group_80527846,游戏群,user_29420721,2022-04-25 19:39:51,7
group_69988316,其他群,user_62095305,2020-12-23 20:27:17,8
group_17384970,临时活动群,user_02583214,2018-01-21 10:44:09,8
group_08832077,工作群,user_41299930,2017-09-21 09:52:30,7
group_88829078,校友群,user_59262402,2021-07-05 16:52:42,7
group_85700672,学习群,user_84555149,2016-01-14 14:26:09,8
group_27656160,工作群,user_85685926,2022-01-29 20:33:40,7
group_01439763,摄影群,user_18964167,2023-09-06 11:30:56,7
group_86706298,社区群,user_68727812,2018-06-15 15:24:29,7
group_04759689,美食群,user_06362916,2023-04-03 21:47:07,7
group_06291721,时尚群,user_30230190,2015-05-10 12:26:48,7
group_54451186,运动群,user_27481560,2020-01-02 08:20:30,7
group_53269471,游戏群,user_01503884,2024-03-24 16:21:19,7
group_27560415,运动群,user_34164807,2023-03-21 22:27:09,7
group_39739854,行业群,user_32751955,2019-07-29 22:54:33,7
group_59814998,游戏群,user_54311846,2021-07-19 09:27:39,12
group_55724078,行业群,user_95832208,2021-03-06 22:33:12,7
group_06290836,校友群,user_20458466,2023-03-11 21:34:28,7
group_82454848,校友群,user_12029818,2023-06-13 02:59:01,7
group_52748855,兴趣群,user_59554336,2025-03-25 10:52:29,7
group_88441852,社区群,user_24502472,2023-12-02 12:47:53,8
group_48351934,兴趣群,user_75340359,2020-12-14 18:12:42,7
group_36854720,兴趣群,user_61966082,2015-08-05 07:24:34,7
group_91338138,游戏群,user_30331586,2024-11-15 07:13:46,28
group_83908551,家庭群,user_85878304,2016-05-11 15:07:43,7
group_70164529,行业群,user_32998594,2024-09-13 21:29:18,7
group_12654550,家庭群,user_34963499,2016-08-31 09:32:34,8
group_29264198,校友群,user_54171624,2023-07-11 21:02:46,7
group_97910431,电影群,user_22239836,2023-11-25 13:43:20,7
group_25543378,临时活动群,user_79732233,2023-07-22 10:28:02,7
group_12317166,家庭群,user_35694784,2016-05-04 04:57:03,7
group_86225063,学习群,user_92157536,2016-12-02 05:09:19,8
group_48685880,学习群,user_67785259,2022-10-29 03:00:26,15
group_77283385,家庭群,user_07397609,2019-09-02 15:23:23,10
group_46105014,兴趣群,user_66123331,2022-06-07 06:50:13,7
group_27837299,美食群,user_03738158,2015-11-24 13:23:41,13
group_37627017,社区群,user_39589053,2025-03-24 01:49:15,7
group_81667826,家庭群,user_75728282,2018-10-14 04:17:15,9
group_65510838,工作群,user_97738556,2023-04-02 07:14:47,7
group_04628239,工作群,user_13256059,2022-05-14 17:54:53,7
group_90775697,兴趣群,user_30619881,2017-08-05 15:10:40,7
group_05215667,家庭群,user_14029855,2024-03-14 08:37:10,7
group_47971140,电影群,user_14552148,2023-06-11 11:17:18,7
group_39186500,家庭群,user_47637815,2024-01-27 05:40:28,7
group_09631432,家庭群,user_47802057,2021-04-03 08:57:28,7
group_54798179,健康群,user_57721378,2020-02-05 00:32:55,12
group_18521490,运动群,user_39066824,2023-11-30 14:41:24,7
group_63352695,游戏群,user_82854669,2022-06-16 04:03:55,10
group_31257019,运动群,user_05517244,2022-10-30 15:19:14,8
group_19060151,兴趣群,user_32051761,2022-02-01 12:07:16,7
group_98234155,工作群,user_43032787,2015-08-06 08:02:54,9
group_76986725,社区群,user_16436964,2024-02-24 22:30:58,7
group_34933010,社区群,user_27478333,2023-12-25 10:11:34,8
group_73162814,家庭群,user_14305838,2021-06-12 12:21:13,7
group_57199724,游戏群,user_05002646,2016-02-07 20:56:59,9
group_73808505,社区群,user_22330287,2024-02-16 09:39:31,9
group_60950765,音乐群,user_98987794,2023-10-14 13:25:39,7
group_47427562,行业群,user_69738654,2021-10-03 18:00:15,7
group_79896330,校友群,user_42186197,2024-02-18 12:43:51,7
group_44677041,家庭群,user_97518695,2023-02-16 14:36:42,7
group_39277430,家庭群,user_93990343,2016-12-05 05:06:57,7
group_21164352,宠物群,user_75664717,2024-03-24 21:14:10,7
group_96832930,行业群,user_99751784,2022-01-20 01:41:05,7
group_55675447,行业群,user_79372147,2017-02-04 05:49:31,8
group_91265515,美食群,user_67916369,2021-01-07 02:40:59,8
group_33419514,学习群,user_62841842,2023-02-24 00:20:39,21
group_78717181,校友群,user_76525893,2020-12-26 02:28:00,11
group_60413209,兴趣群,user_67000047,2020-11-04 15:50:06,10
group_66270435,学习群,user_39949796,2016-03-19 09:41:03,8
group_02926260,临时活动群,user_94614989,2017-06-11 16:52:36,7
group_07205923,社区群,user_61005280,2017-01-19 22:44:51,7
group_25646824,行业群,user_50650617,2024-07-02 17:23:57,7
group_46901133,家庭群,user_72100095,2021-10-22 18:47:27,7
group_56771083,工作群,user_76752672,2023-12-25 07:21:23,7
group_24140797,其他群,user_01988261,2020-03-29 02:37:57,11
group_23685293,行业群,user_28833524,2017-05-22 20:41:16,7
group_32221023,临时活动群,user_57920764,2021-05-08 06:32:34,7
group_42354649,社区群,user_78461888,2017-07-06 20:48:04,7
group_93952155,美食群,user_65551209,2018-02-23 02:14:54,7
group_47722905,社区群,user_65048679,2022-02-16 21:36:22,7
group_02888257,家庭群,user_75008698,2023-03-10 10:38:01,7
group_91406435,工作群,user_21047139,2016-02-06 17:29:25,8
group_57198410,工作群,user_25070822,2020-11-13 18:04:32,8
group_49545925,社区群,user_90642810,2023-12-18 13:59:47,10
group_16571273,校友群,user_48516513,2023-01-02 01:31:10,7
group_77014139,学习群,user_41867670,2019-10-20 21:27:22,7
group_67725425,音乐群,user_08965435,2024-05-03 17:25:10,7
group_17599735,游戏群,user_66686940,2024-05-31 09:06:00,7
group_22162998,工作群,user_10703570,2025-01-05 22:51:49,7
group_92579111,学习群,user_10524700,2021-10-20 18:46:47,7
group_77568136,家庭群,user_13918972,2020-06-05 19:07:34,7
group_23300522,学习群,user_03861628,2018-08-17 13:06:25,9
group_99558984,社区群,user_55763007,2021-01-21 18:06:36,7
group_26888257,行业群,user_21501747,2024-10-12 18:01:07,8
group_47134890,工作群,user_07423481,2018-08-10 01:43:00,7
group_36306527,家庭群,user_70676149,2016-12-09 11:56:32,8
group_96605937,电影群,user_95834806,2023-09-04 12:28:31,7
group_12338856,其他群,user_99897325,2020-10-05 05:18:50,7
group_97014433,运动群,user_86941492,2016-10-14 14:46:41,7
group_27888601,时尚群,user_01577510,2017-01-27 12:37:08,8
group_81041902,家庭群,user_79361518,2018-04-20 00:37:46,7
group_02169074,运动群,user_47529202,2018-05-07 05:31:24,7
group_24449910,健康群,user_08928004,2023-06-16 12:51:00,7
group_39629119,社区群,user_50269893,2018-10-14 22:16:27,7
group_87323519,校友群,user_77601018,2020-04-25 13:37:27,7
group_43702277,运动群,user_89823869,2017-04-10 17:04:02,7
group_80604918,美食群,user_06625700,2022-04-05 20:14:30,8
group_84649107,游戏群,user_57597097,2023-01-11 09:19:28,7
group_64020100,行业群,user_76242532,2023-06-17 05:18:12,7
group_87167026,学习群,user_25076927,2021-07-09 06:07:34,7
group_96488926,学习群,user_61630257,2023-06-06 16:44:43,9
group_09143791,临时活动群,user_70856509,2021-09-06 09:03:12,8
group_53200198,家庭群,user_73266047,2018-02-19 05:36:28,8
group_80017516,家庭群,user_57637723,2018-11-20 14:47:49,7
group_08222465,家庭群,user_95624334,2020-08-06 11:44:56,7
group_62534195,行业群,user_62603052,2016-10-30 18:22:12,7
group_41991354,学习群,user_65168425,2018-11-21 21:11:44,7
group_72489579,临时活动群,user_47387054,2017-12-02 11:09:15,7
group_59487574,兴趣群,user_45275153,2024-02-05 07:54:34,7
group_67608616,工作群,user_01671922,2017-07-16 12:47:23,8
group_09110265,家庭群,user_92855282,2021-07-27 04:12:41,7
group_43703244,工作群,user_86274058,2021-08-15 21:08:07,16
group_47813416,音乐群,user_77618266,2019-05-03 20:02:06,11
group_70805549,学习群,user_72812497,2024-05-10 16:00:22,7
group_98139147,工作群,user_76042723,2016-07-16 07:21:43,9
group_57182320,临时活动群,user_20091092,2022-06-12 07:27:16,7
group_95050592,行业群,user_06276397,2018-08-07 15:29:43,7
group_20063490,兴趣群,user_50252394,2020-08-29 17:24:17,7
group_89834523,校友群,user_09448667,2024-04-23 16:59:50,7
group_67940353,兴趣群,user_99029299,2021-02-21 20:21:38,7
group_33779813,工作群,user_41858555,2020-06-15 23:50:53,9
group_50203785,家庭群,user_48410877,2019-09-06 02:10:59,7
group_20636527,工作群,user_16566655,2016-07-29 13:45:13,10
group_44444011,其他群,user_71921088,2021-07-24 21:02:28,8
group_14323154,家庭群,user_14811492,2018-11-24 19:54:49,7
group_88002295,临时活动群,user_03718124,2024-04-20 13:55:23,8
group_19737335,兴趣群,user_07557599,2022-11-04 12:32:59,7
group_35888619,工作群,user_08564932,2017-12-06 02:34:20,7
group_69976085,科技群,user_86349066,2019-01-12 01:42:35,13
group_73140707,工作群,user_33202226,2021-12-17 03:45:05,7
group_50830091,兴趣群,user_01337931,2021-05-24 05:33:40,7
group_39192638,临时活动群,user_36009944,2024-12-11 07:57:44,7
group_65425565,游戏群,user_38985473,2019-01-28 23:38:13,7
group_34393168,运动群,user_96233028,2021-08-02 14:24:06,7
group_17627312,社区群,user_98786680,2020-06-20 02:20:19,8
group_52789455,游戏群,user_95896251,2021-08-25 03:13:53,7
group_70147677,教育群,user_74678139,2020-08-15 00:10:42,10
group_09088830,时尚群,user_62424289,2021-12-20 01:46:39,11
group_73005249,兴趣群,user_28833524,2022-06-16 08:32:39,8
group_86309938,美食群,user_13163067,2024-04-28 16:23:08,7
group_15769400,兴趣群,user_25630062,2017-11-19 06:52:47,25
group_97567967,兴趣群,user_33231028,2021-06-02 12:07:51,9
group_05181596,家庭群,user_06175743,2025-02-11 14:41:01,7
group_83471122,兴趣群,user_89927102,2018-03-24 07:25:54,8
group_07616350,摄影群,user_26982558,2022-07-04 08:56:30,7
group_27733028,校友群,user_96336580,2020-09-19 02:00:05,8
group_21014279,家庭群,user_52237956,2015-12-15 00:05:35,7
group_04580675,行业群,user_24113870,2019-01-10 03:09:04,11
group_80534006,校友群,user_45488260,2025-02-19 09:10:06,7
group_07854144,运动群,user_68623679,2023-07-04 23:02:09,7
group_70252164,运动群,user_57737536,2021-09-21 19:57:23,7
group_11782122,行业群,user_65044583,2023-08-12 18:15:24,7
group_89814896,工作群,user_13329731,2024-04-28 01:24:24,12
group_93641117,学习群,user_28682681,2022-11-09 14:26:09,7
group_87253522,运动群,user_02245835,2024-03-12 23:07:42,7
group_88746623,校友群,user_86574206,2017-10-07 12:15:19,7
group_58180288,游戏群,user_74702199,2020-05-03 13:55:32,10
group_04634425,家庭群,user_43035512,2019-02-01 17:55:24,7
group_01646908,兴趣群,user_28332893,2017-05-20 18:04:09,10
group_19299371,其他群,user_03277794,2017-05-06 20:55:15,8
group_09854280,游戏群,user_37118526,2022-12-15 05:46:58,8
group_50153460,艺术群,user_96003272,2021-05-17 06:05:21,7
group_25907670,游戏群,user_35768404,2024-05-14 05:36:56,7
group_78648783,校友群,user_98786680,2020-05-29 14:55:12,7
group_93354492,学习群,user_24554989,2025-04-17 23:07:36,28
group_90327661,其他群,user_24406398,2024-12-04 11:45:25,7
group_90005552,行业群,user_41997523,2024-08-23 00:53:28,10
group_45550324,摄影群,user_06541841,2019-12-26 22:27:59,7
group_38922221,社区群,user_03607097,2017-02-24 05:20:41,7
group_90992216,家庭群,user_59314178,2019-12-06 07:19:18,9
group_95407516,其他群,user_55016785,2023-07-13 06:47:25,7
group_83723350,游戏群,user_69241728,2018-06-02 17:09:39,7
group_46858512,教育群,user_11926341,2018-01-09 17:18:52,7
group_23559996,运动群,user_44164137,2019-03-08 13:39:47,8
group_71519723,工作群,user_13423616,2021-09-11 07:34:59,7
group_01122853,行业群,user_56574842,2022-12-07 21:59:20,7
group_13320743,其他群,user_72523695,2021-07-28 23:07:32,9
group_23094251,工作群,user_38896860,2023-10-06 04:25:39,11
group_21901923,社区群,user_30691599,2016-10-24 14:58:15,8
group_45666767,宠物群,user_79962871,2017-12-29 12:22:33,9
group_64946025,音乐群,user_10334492,2018-02-11 03:36:30,7
group_50558990,其他群,user_69632924,2018-08-17 21:44:25,18
group_83052782,工作群,user_51137476,2018-07-12 02:27:21,10
group_68684638,运动群,user_79116480,2020-09-24 02:34:03,7
group_60165251,其他群,user_77092155,2023-10-30 04:48:04,7
group_06080417,工作群,user_03178733,2016-05-29 19:33:59,16
group_91493469,家庭群,user_87769064,2022-02-04 06:53:24,7
group_48441140,校友群,user_21176953,2021-07-12 13:22:32,7
group_44649925,兴趣群,user_19939151,2024-03-26 10:50:06,9
group_45144174,工作群,user_45407921,2025-04-08 03:22:04,8
group_95910916,教育群,user_92374720,2023-10-24 12:50:46,7
group_25430225,美食群,user_32659261,2024-04-13 17:05:38,7
group_78947843,工作群,user_55756289,2021-01-25 13:21:22,7
group_36353893,运动群,user_05140736,2017-12-27 16:52:03,7
group_92004458,兴趣群,user_53166250,2022-08-19 19:24:27,7
group_50461494,工作群,user_51720249,2019-11-26 10:59:53,7
group_23763020,社区群,user_88459060,2023-06-05 06:14:06,7
group_09599518,工作群,user_43336033,2020-09-03 09:36:44,7
group_25829562,校友群,user_20630494,2024-02-27 19:55:01,113
group_34598508,校友群,user_99560230,2020-01-22 23:44:31,14
group_22384361,时尚群,user_69455136,2018-07-15 09:41:18,7
group_02201287,行业群,user_78811046,2021-11-08 14:46:42,7
group_11195813,音乐群,user_77665996,2022-09-17 04:01:55,8
group_36207433,工作群,user_38891257,2022-12-22 19:50:30,9
group_15523638,兴趣群,user_03168304,2019-09-04 05:22:25,7
group_96492046,音乐群,user_58126463,2025-02-28 20:14:05,7
group_95308231,家庭群,user_68854788,2018-05-09 03:46:52,7
group_51260566,校友群,user_52154769,2021-10-23 20:36:12,7
group_43214090,工作群,user_70605748,2025-01-24 16:48:26,7
group_21432588,家庭群,user_51973948,2021-10-18 10:17:08,9
group_76110613,行业群,user_30537816,2024-11-03 13:55:18,7
group_36743928,行业群,user_22861214,2024-11-23 11:39:48,7
group_45180460,学习群,user_71080350,2016-10-25 02:46:07,9
group_79066799,临时活动群,user_65642275,2021-01-30 08:33:10,7
group_44600633,工作群,user_25331452,2019-06-30 17:22:05,7
group_88038406,校友群,user_19758310,2022-09-18 20:23:23,7
group_08706520,运动群,user_89180447,2021-02-02 08:24:36,7
group_05393757,电影群,user_49546127,2017-04-09 12:44:20,7
group_08059713,其他群,user_13379102,2023-03-15 03:41:45,7
group_37747729,美食群,user_05486838,2024-08-03 05:06:51,7
group_11949756,家庭群,user_75669068,2023-06-28 04:14:22,8
group_54877012,兴趣群,user_11336407,2017-08-27 12:35:20,14
group_54955909,学习群,user_69233838,2024-02-19 10:06:51,7
group_81283117,家庭群,user_85765347,2025-04-09 10:37:05,8
group_31421475,其他群,user_03980600,2017-01-02 05:16:57,7
group_35078173,兴趣群,user_79947562,2023-03-03 01:47:52,7
group_65664781,工作群,user_89786226,2017-10-19 14:06:09,7
group_67618912,学习群,user_64890418,2017-04-05 18:06:32,8
group_52046144,美食群,user_81937049,2019-01-17 01:41:22,12
group_99965553,行业群,user_15067664,2022-01-30 19:41:16,7
group_98845741,家庭群,user_07536874,2024-03-13 18:53:49,7
group_93747030,社区群,user_79701586,2022-11-05 19:48:37,7
group_80195562,其他群,user_60428900,2020-09-03 22:59:08,7
group_56860851,家庭群,user_72557424,2022-11-24 14:59:34,7
group_53776073,兴趣群,user_50295747,2024-01-04 21:11:29,8
group_31455906,家庭群,user_39356361,2018-09-16 20:00:58,8
group_51096749,旅行群,user_54072677,2019-08-22 11:42:57,7
group_95793966,游戏群,user_56979753,2024-09-04 23:25:23,7
group_39348500,游戏群,user_56314103,2019-10-02 19:59:00,8
group_70844720,其他群,user_11621544,2019-10-30 06:52:40,7
group_40379692,游戏群,user_22251537,2018-11-14 22:05:53,7
group_85149446,社区群,user_03594167,2019-01-26 10:39:52,8
group_06918290,临时活动群,user_68736285,2021-09-18 16:04:19,7
group_31722722,兴趣群,user_16627528,2021-04-12 18:35:13,7
group_50200833,校友群,user_37770324,2020-11-21 10:49:17,7
group_74814086,行业群,user_55115568,2019-02-16 08:41:18,7
group_32324381,学习群,user_67814645,2020-09-18 16:58:54,7
group_34141779,家庭群,user_64941687,2023-10-23 21:33:56,7
group_90211023,学习群,user_45503181,2024-04-21 08:53:35,8
group_09061435,工作群,user_73310311,2023-08-02 10:07:32,9
group_55920273,家庭群,user_10570347,2023-06-02 03:43:41,9
group_72160801,其他群,user_91702644,2024-08-04 17:10:22,7
group_81087452,学习群,user_34925055,2023-08-13 20:35:49,9
group_69116944,工作群,user_19412456,2019-11-09 16:18:31,7
group_69863263,其他群,user_73792025,2024-11-30 04:32:23,7
group_70952849,学习群,user_53324638,2018-08-09 14:04:22,7
group_04041167,运动群,user_61177123,2020-03-26 23:23:21,7
group_20720030,游戏群,user_32423599,2023-08-26 23:01:26,14
group_84723934,工作群,user_76239540,2017-12-11 09:04:45,7
group_56122010,学习群,user_19438581,2020-08-05 12:04:08,7
group_01669026,社区群,user_21557764,2024-11-13 13:48:48,7
group_74687068,行业群,user_58723282,2025-01-06 05:35:50,9
group_58737718,兴趣群,user_72052921,2018-06-12 20:10:25,7
group_26951839,行业群,user_71720746,2024-10-10 12:46:42,7
group_84967789,科技群,user_30964285,2019-02-14 20:01:04,7
group_24576656,行业群,user_77106494,2020-05-01 14:10:35,7
group_84391558,工作群,user_75237816,2023-05-20 11:33:40,7
group_12981351,校友群,user_63008088,2024-07-26 05:26:30,7
group_17302807,游戏群,user_53815403,2021-05-13 10:32:33,7
group_42289432,运动群,user_98437005,2020-01-03 00:42:25,8
group_74415924,运动群,user_72945075,2018-12-04 19:45:52,10
group_60574673,校友群,user_20317028,2023-05-25 00:36:05,8
group_09877859,行业群,user_08980832,2018-06-14 19:01:44,7
group_18407898,家庭群,user_34316064,2023-06-26 21:46:54,9
group_72084899,社区群,user_20105205,2024-02-05 05:36:48,7
group_62167394,校友群,user_05387595,2022-02-16 03:46:24,8
group_92966568,工作群,user_70567018,2022-03-10 17:41:22,13
group_03932519,社区群,user_43312486,2021-01-07 16:56:18,7
group_28794473,兴趣群,user_02846631,2024-03-27 19:37:10,7
group_90019230,兴趣群,user_56671633,2018-06-07 23:29:12,8
group_36603593,学习群,user_84853285,2021-06-15 05:52:08,7
group_23271799,电影群,user_47939677,2023-09-15 02:45:04,10
group_33609221,学习群,user_64722731,2018-03-14 20:19:08,7
group_78948560,游戏群,user_71449659,2020-10-08 05:58:05,7
group_74255240,工作群,user_18721945,2017-09-14 06:39:23,9
group_76184590,兴趣群,user_31503717,2022-11-20 10:54:13,7
group_37272316,校友群,user_02883118,2024-01-14 08:13:39,7
group_23405757,社区群,user_40636448,2024-10-01 03:38:54,7
group_31088670,音乐群,user_64319964,2021-12-10 17:16:51,10
group_59091611,校友群,user_77194292,2021-02-27 15:59:45,7
group_78097610,校友群,user_06832408,2020-05-01 13:34:00,7
group_80146920,家庭群,user_57767385,2021-02-24 20:08:27,11
group_52775868,社区群,user_86662400,2019-11-16 13:07:08,9
group_14509690,社区群,user_86782957,2023-11-06 19:37:07,9
group_37135906,社区群,user_87721166,2016-05-24 05:25:56,8
group_62018930,社区群,user_40708007,2017-10-04 16:43:14,7
group_44713931,游戏群,user_40938233,2025-02-07 03:46:31,9
group_30026647,家庭群,user_12758185,2022-08-15 11:43:22,7
group_83040438,家庭群,user_73926621,2021-07-18 22:13:44,26
group_96404088,校友群,user_38602532,2022-06-29 09:56:17,7
group_83511067,社区群,user_73339470,2023-12-01 13:01:48,7
group_17842103,家庭群,user_42186197,2024-02-20 03:39:07,8
group_84100363,学习群,user_44004108,2023-03-07 08:02:04,7
group_10198581,行业群,user_99552499,2019-05-07 15:54:51,8
group_62350516,社区群,user_56285565,2025-03-07 00:21:14,8
group_99205004,工作群,user_92977824,2021-07-20 14:37:09,7
group_71140264,学习群,user_19107305,2022-12-21 22:03:19,7
group_56955597,家庭群,user_01412506,2019-10-26 05:22:45,10
group_31199990,家庭群,user_68396693,2024-02-29 10:17:49,11
group_00480934,其他群,user_48861936,2021-11-07 03:40:51,7
group_55942535,临时活动群,user_39742601,2017-06-11 22:20:54,7
group_58614462,工作群,user_45296445,2024-03-30 14:14:01,7
group_33592589,工作群,user_07066188,2016-01-29 09:12:07,7
group_34354416,行业群,user_25897201,2015-08-18 09:48:43,8
group_81481847,学习群,user_55759831,2023-11-16 21:16:33,8
group_40767122,运动群,user_52053574,2025-02-28 09:45:06,7
group_20926113,电影群,user_36300528,2018-01-15 17:05:10,7
group_48507285,音乐群,user_37404388,2024-07-25 18:42:58,7
group_40173924,学习群,user_30994632,2020-07-24 02:32:50,7
group_64930169,电影群,user_06603804,2019-05-09 00:45:03,9
group_66253598,摄影群,user_88063297,2024-03-19 16:23:56,7
group_41860580,工作群,user_75119217,2023-04-30 20:00:09,8
group_63631080,旅行群,user_01766468,2017-07-17 15:02:08,7
group_75605618,工作群,user_09706532,2021-09-11 18:24:40,7
group_88776848,学习群,user_32084522,2022-12-11 12:44:22,7
group_30848514,游戏群,user_06516324,2021-12-13 14:33:46,7
group_26462400,旅行群,user_20060650,2017-01-27 21:54:37,7
group_45923944,学习群,user_90109823,2017-11-27 02:36:29,7
group_97920982,运动群,user_41998126,2020-05-15 13:20:47,14
group_00692371,社区群,user_22460852,2021-05-30 11:30:02,7
group_99920948,社区群,user_77847449,2022-07-17 05:05:19,7
group_84197847,教育群,user_39450129,2018-09-23 04:42:39,8
group_70463601,摄影群,user_66779089,2022-07-25 17:19:30,21
group_43006244,家庭群,user_65916629,2018-03-13 04:13:53,7
group_19143729,艺术群,user_05028634,2016-08-05 12:54:04,7
group_08907445,运动群,user_58605910,2021-03-31 05:53:39,7
group_74422261,工作群,user_01270390,2022-10-30 03:40:35,7
group_25961612,音乐群,user_09595342,2023-09-10 08:49:49,22
group_76868383,其他群,user_66487798,2024-11-22 00:41:06,9
group_11065480,家庭群,user_15807572,2023-08-10 02:28:47,10
group_26957894,校友群,user_52206118,2024-07-29 09:46:47,7
group_83408842,临时活动群,user_82402404,2020-02-07 23:08:15,11
group_75249791,其他群,user_09684761,2022-01-02 14:35:42,7
group_35776962,兴趣群,user_22636369,2022-11-02 02:59:29,16
group_62456567,行业群,user_10460808,2021-05-31 21:51:01,8
group_81095847,游戏群,user_03942939,2019-03-06 10:50:55,9
group_30213420,临时活动群,user_12945783,2019-10-31 02:32:26,7
group_97080454,社区群,user_74004875,2024-08-12 07:01:09,8
group_80151244,旅行群,user_97729635,2020-10-22 21:22:13,7
group_47890855,其他群,user_73733201,2022-05-19 17:03:17,13
group_34033313,学习群,user_01412506,2019-07-18 04:40:42,7
group_58998454,工作群,user_58971028,2022-11-08 13:57:57,7
group_75861932,旅行群,user_36629906,2022-06-13 03:29:34,7
group_53239569,科技群,user_00634794,2024-05-02 04:42:24,7
group_18837216,工作群,user_10205390,2022-09-19 13:18:36,12
group_70990292,校友群,user_39930788,2021-07-18 09:25:32,9
group_47484203,旅行群,user_90452584,2023-10-18 10:21:31,7
group_68898834,临时活动群,user_74747442,2016-03-28 00:19:35,7
group_37860197,美食群,user_95784025,2017-03-22 09:09:01,7
group_57823413,家庭群,user_31271314,2016-01-11 01:31:54,9
group_42992138,工作群,user_43953256,2020-12-14 23:01:29,9
group_08535866,行业群,user_66132021,2019-03-25 09:02:27,13
group_52069417,社区群,user_29480559,2021-02-01 20:39:31,7
group_09358837,家庭群,user_55258912,2020-01-10 19:13:20,7
group_56498919,社区群,user_50505119,2025-02-16 20:40:59,9
group_80262201,行业群,user_81709021,2019-01-03 00:46:31,7
group_25893459,兴趣群,user_86792359,2020-11-05 20:12:15,7
group_89833826,家庭群,user_58699766,2025-03-22 22:10:13,7
group_44715735,美食群,user_06151158,2023-04-11 11:12:33,8
group_02949296,旅行群,user_46410572,2020-05-02 08:26:31,8
group_52908529,其他群,user_18841921,2022-04-28 13:03:57,7
group_41972240,兴趣群,user_87249903,2020-11-04 21:48:06,7
group_27148000,教育群,user_10421692,2020-09-27 04:37:58,7
group_54445691,兴趣群,user_32875408,2021-12-22 13:23:12,7
group_76246311,临时活动群,user_26667978,2017-09-08 03:22:23,7
group_68890584,工作群,user_56452453,2023-08-22 15:18:54,11
group_99950022,学习群,user_24554989,2024-08-25 10:58:06,10
group_39699295,美食群,user_45164375,2021-04-20 19:13:37,14
group_24612506,家庭群,user_78378935,2022-07-22 07:36:20,7
group_62799993,学习群,user_03078580,2019-03-25 05:01:52,10
group_49780484,家庭群,user_47599321,2021-03-07 15:50:12,7
group_34024432,学习群,user_16550039,2019-06-06 07:40:52,9
group_75733811,游戏群,user_71949791,2019-01-17 04:35:52,7
group_88066739,兴趣群,user_55425078,2023-06-21 03:43:03,7
group_93978578,宠物群,user_77638202,2018-06-16 21:59:56,9
group_46663547,社区群,user_94795799,2020-10-07 10:04:46,13
group_56345302,工作群,user_61593032,2021-03-29 19:16:09,8
group_97754401,工作群,user_80714730,2024-12-13 20:43:09,8
group_82095986,家庭群,user_03749761,2024-12-13 18:42:09,9
group_52553670,社区群,user_37191330,2021-05-27 12:30:12,11
group_44608259,家庭群,user_74085163,2022-04-23 01:17:26,7
group_51984414,行业群,user_48981800,2023-01-09 19:31:12,7
group_53837872,兴趣群,user_12250838,2021-08-07 05:10:53,7
group_23398563,社区群,user_89136954,2022-09-18 02:41:30,7
group_92806100,美食群,user_45729846,2021-07-11 18:03:32,7
group_38386174,临时活动群,user_52726932,2018-08-30 11:03:37,7
group_43397393,工作群,user_56271244,2023-03-10 00:50:49,8
group_78545042,工作群,user_67452605,2024-04-17 08:57:44,8
group_58854564,工作群,user_65023138,2022-02-02 19:27:45,11
group_72398393,健康群,user_92157536,2018-06-04 13:16:12,7
group_68092083,临时活动群,user_83466355,2020-11-25 10:21:22,7
group_22072423,学习群,user_67032214,2023-04-14 04:37:35,8
group_03437062,校友群,user_34992428,2023-01-06 18:05:27,8
group_86401583,电影群,user_62668978,2021-10-31 21:49:44,7
group_98420570,电影群,user_50143593,2020-01-20 02:24:51,7
group_26388911,社区群,user_27902847,2024-10-07 04:31:26,8
group_27015102,旅行群,user_09204135,2017-06-11 17:23:13,8
group_21147577,其他群,user_07303398,2023-02-27 09:48:09,15
group_37042247,学习群,user_94743710,2023-11-19 17:58:31,9
group_58842279,音乐群,user_04000526,2022-02-02 19:04:56,7
group_23701234,家庭群,user_42191698,2017-09-08 17:01:07,7
group_64119707,电影群,user_72468052,2024-05-22 20:08:22,7
group_92603192,行业群,user_27162668,2016-09-17 18:59:58,7
group_62731511,游戏群,user_34575542,2018-06-04 15:07:49,7
group_03786291,家庭群,user_17801243,2021-11-13 16:52:46,8
group_09444437,游戏群,user_27657759,2021-09-08 14:31:53,9
group_98224937,临时活动群,user_47244234,2024-07-11 17:56:41,7
group_83535551,校友群,user_96049480,2023-01-09 19:23:05,8
group_54049709,音乐群,user_13237400,2021-08-01 20:41:16,7
group_71610014,工作群,user_08369645,2024-08-26 15:24:26,7
group_40040673,临时活动群,user_18308855,2025-01-03 18:13:11,9
group_06384536,社区群,user_69442461,2020-11-18 21:57:04,9
group_60217022,家庭群,user_47038594,2024-05-13 12:31:39,7
group_96542219,家庭群,user_47427998,2023-07-05 18:07:44,10
group_59913415,社区群,user_00593722,2021-12-21 09:55:04,7
group_77332864,旅行群,user_04350483,2023-06-12 06:31:28,7
group_86632999,其他群,user_66258853,2020-06-13 00:43:47,8
group_38281459,社区群,user_47992142,2020-05-21 10:10:46,7
group_38041941,游戏群,user_57395507,2018-08-27 13:09:33,7
group_16595935,学习群,user_74243614,2023-09-20 01:19:17,7
group_27297307,音乐群,user_13022931,2021-01-10 21:45:56,9
group_85952440,旅行群,user_21389238,2016-12-29 04:09:13,7
group_89607841,工作群,user_33224580,2021-08-19 15:46:36,7
group_38429388,家庭群,user_88710037,2016-02-28 23:13:59,7
group_76173974,运动群,user_89436049,2020-09-28 15:02:27,7
group_14231743,行业群,user_62402879,2025-03-30 10:55:23,8
group_14962562,学习群,user_89127652,2023-07-05 11:25:28,7
group_76662689,校友群,user_30737678,2015-12-29 14:08:33,7
group_77939566,家庭群,user_37897807,2023-06-17 07:09:11,7
group_64477521,临时活动群,user_53326198,2022-07-12 14:12:36,9
group_91065042,兴趣群,user_08813603,2019-10-21 15:36:26,7
group_33528169,音乐群,user_46803283,2022-12-24 21:14:21,8
group_77424087,兴趣群,user_35916859,2024-11-09 04:59:30,9
group_53008605,工作群,user_92478170,2019-11-27 18:55:48,8
group_51170194,行业群,user_97446597,2022-01-31 07:01:03,7
group_43323149,工作群,user_68445256,2021-02-15 17:27:29,7
group_44525381,社区群,user_56069608,2025-01-22 22:54:52,8
group_62853627,家庭群,user_35916095,2023-12-25 14:09:14,7
group_99095966,临时活动群,user_48169814,2023-06-12 16:11:07,7
group_60914277,兴趣群,user_97881940,2020-02-01 08:30:03,7
group_07833015,音乐群,user_51324773,2020-06-13 09:43:53,7
group_91483220,工作群,user_00514841,2017-01-13 04:48:23,8
group_34682542,学习群,user_40342923,2020-03-17 08:22:39,7
group_70159430,其他群,user_03727812,2024-07-30 15:01:41,7
group_05736709,学习群,user_09556719,2024-08-12 19:45:58,7
group_74723675,行业群,user_60603412,2025-02-07 14:54:13,7
group_56622223,电影群,user_64317506,2020-08-29 18:08:32,7
group_15392574,运动群,user_37480370,2024-10-22 22:27:47,7
group_57726861,其他群,user_75357005,2016-12-27 01:45:46,24
group_92753698,学习群,user_46656870,2023-02-03 21:27:04,9
group_32891139,工作群,user_05728834,2023-04-02 12:07:53,44
group_14744754,社区群,user_25447165,2018-07-12 17:27:01,7
group_81595182,行业群,user_62889284,2019-12-17 19:48:57,7
group_45666441,行业群,user_37436992,2020-06-30 05:53:42,7
group_63707044,艺术群,user_64454363,2023-12-16 06:07:29,7
group_10662723,兴趣群,user_56421442,2017-09-23 06:29:54,7
group_10888573,兴趣群,user_12095782,2021-05-08 03:46:41,8
group_41865625,工作群,user_66487798,2022-01-09 03:26:00,7
group_39654105,家庭群,user_37277481,2020-11-02 20:01:47,8
group_98436814,校友群,user_99892779,2020-03-14 17:08:52,7
group_87973083,其他群,user_53492319,2018-07-04 03:45:26,9
group_09480903,学习群,user_79209838,2019-03-29 06:52:18,7
group_57798038,学习群,user_42511115,2021-06-06 21:27:33,7
group_70521808,工作群,user_89117830,2022-10-07 08:35:49,7
group_81939385,家庭群,user_44214524,2019-04-23 17:20:25,7
group_41339361,校友群,user_77903151,2025-01-22 01:05:26,7
group_65535962,社区群,user_92654843,2018-03-19 04:58:32,7
group_97637637,艺术群,user_09484741,2021-05-10 23:02:48,33
group_16711611,临时活动群,user_76589760,2024-08-31 06:14:10,8
group_14848953,工作群,user_11132008,2023-04-22 07:19:31,7
group_30070184,家庭群,user_39819172,2019-06-17 03:22:03,7
group_61532892,学习群,user_65953111,2020-07-08 03:46:32,7
group_15499697,家庭群,user_00904691,2024-12-31 18:53:59,9
group_76258975,美食群,user_67284067,2017-11-18 01:20:00,7
group_83700231,其他群,user_50437769,2025-01-13 05:57:49,7
group_63956434,兴趣群,user_94794218,2024-07-08 14:23:52,7
group_24376510,校友群,user_90420430,2020-08-08 16:55:20,7
group_73813651,临时活动群,user_70455156,2023-06-08 05:27:25,7
group_79691536,兴趣群,user_41846923,2020-02-17 17:27:04,7
group_69297689,美食群,user_14536301,2017-08-21 12:02:50,7
group_17918131,其他群,user_00118177,2022-11-05 21:12:02,7
group_60752579,兴趣群,user_89719748,2023-03-28 05:47:32,9
group_49597106,学习群,user_66132017,2020-01-22 03:15:50,8
group_22181238,时尚群,user_04241422,2018-09-17 18:58:08,7
group_48651281,兴趣群,user_34173805,2018-07-22 04:10:21,7
group_31448797,家庭群,user_85917460,2022-02-23 18:36:20,7
group_66533184,工作群,user_03969155,2018-10-11 23:00:20,7
group_10840180,社区群,user_99482204,2016-08-09 04:42:52,7
group_53385620,科技群,user_66840025,2023-11-25 13:10:30,7
group_78710727,游戏群,user_72220678,2019-08-16 10:07:17,7
group_28660004,兴趣群,user_36542100,2019-07-21 01:40:16,8
group_04752939,音乐群,user_89535390,2022-11-08 09:09:30,7
group_24354401,兴趣群,user_18791257,2021-03-07 18:34:14,7
group_05627055,工作群,user_13597900,2022-06-18 18:00:57,7
group_35043574,社区群,user_65877849,2023-10-07 05:47:46,7
group_89036907,家庭群,user_80162773,2018-05-20 11:48:14,7
group_33204938,临时活动群,user_29902089,2018-12-14 23:13:28,7
group_21895571,工作群,user_84849244,2019-09-25 00:30:21,7
group_32892063,工作群,user_73240742,2021-07-30 14:57:10,7
group_92534728,家庭群,user_48570533,2020-08-11 12:03:01,7
group_83162391,行业群,user_52002333,2021-09-28 03:44:18,7
group_47817000,校友群,user_41459773,2018-12-10 07:31:50,7
group_11757440,家庭群,user_03051072,2017-07-23 14:50:51,7
group_33841905,工作群,user_86125120,2021-08-04 18:46:29,7
group_86093954,学习群,user_41909452,2017-10-05 21:41:30,12
group_45423115,科技群,user_50014641,2019-03-07 09:03:00,13
group_95824800,音乐群,user_25381254,2025-04-06 16:29:40,10
group_01522267,学习群,user_93700892,2023-02-18 05:25:25,23
group_32287699,家庭群,user_00443367,2018-09-25 09:14:04,77
group_32295286,校友群,user_98621965,2020-05-04 09:42:32,8
group_58804033,家庭群,user_38712122,2016-07-24 21:55:47,7
group_40799430,工作群,user_53105807,2024-10-12 18:39:16,8
group_49890030,校友群,user_11966014,2019-10-16 18:50:43,7
group_64450631,兴趣群,user_99875875,2022-07-19 05:28:36,9
group_61441197,游戏群,user_92401960,2025-03-02 10:04:16,16
group_52999466,学习群,user_93046711,2015-09-13 00:39:09,9
group_75703830,工作群,user_68529482,2019-08-24 05:02:46,7
group_85079051,其他群,user_67753172,2020-10-14 09:42:12,7
group_08990996,健康群,user_77905887,2023-03-13 16:14:12,7
group_79326617,学习群,user_10034599,2024-04-13 02:26:00,7
group_71008670,学习群,user_07452812,2019-10-17 00:15:29,9
group_36693309,行业群,user_10920661,2021-11-04 02:12:40,7
group_07367382,其他群,user_76335586,2022-09-28 14:03:51,7
group_54889224,兴趣群,user_36331148,2019-11-27 03:24:51,7
group_35026544,教育群,user_70458178,2017-05-31 03:32:49,8
group_72585207,运动群,user_30547452,2024-03-01 00:03:42,8
group_47713724,学习群,user_47487118,2020-07-02 18:40:41,7
group_70115893,工作群,user_60274066,2020-11-24 05:35:41,7
group_71940297,社区群,user_82400537,2016-02-04 16:33:04,9
group_67202986,工作群,user_45668861,2020-11-27 12:55:44,7
group_69395411,行业群,user_44505350,2016-04-15 19:10:37,7
group_08208446,校友群,user_03783697,2020-05-06 06:18:41,8
group_54383006,学习群,user_94689491,2024-04-23 23:00:51,8
group_05978648,校友群,user_25826843,2021-02-04 21:24:16,9
group_08617617,兴趣群,user_07064803,2020-05-02 01:21:15,7
group_83265824,其他群,user_25802928,2021-04-14 22:42:48,7
group_80187450,临时活动群,user_69396913,2018-02-05 08:54:54,7
group_04236422,其他群,user_61806809,2018-04-28 01:36:49,7
group_71555054,工作群,user_31247295,2024-11-20 00:07:17,7
group_62963962,临时活动群,user_56071833,2019-11-25 13:46:13,12
group_89494065,社区群,user_45114391,2016-06-15 16:29:39,8
group_56212170,游戏群,user_83804594,2025-02-18 04:27:54,7
group_21963054,工作群,user_72917130,2025-03-27 09:46:18,7
group_78277226,科技群,user_14375202,2023-08-04 07:17:11,8
group_68277492,美食群,user_53866355,2021-01-03 02:39:10,7
group_45968291,行业群,user_34431970,2024-03-07 23:36:51,7
group_90430006,学习群,user_12316206,2024-07-16 18:28:51,7
group_23656182,行业群,user_87018434,2019-09-21 01:29:23,7
group_19241801,运动群,user_02676431,2019-03-01 20:02:39,7
group_26930673,工作群,user_32751955,2016-10-11 18:45:07,7
group_76622923,学习群,user_56621812,2023-09-02 16:32:58,9
group_45173037,学习群,user_39856105,2019-03-14 02:58:35,7
group_76991595,校友群,user_02433594,2023-09-07 10:25:01,7
group_13154347,学习群,user_25733212,2019-08-01 05:32:38,8
group_44937340,家庭群,user_37770324,2017-09-27 01:21:39,8
group_82479389,时尚群,user_20131258,2023-11-19 14:31:39,7
group_68891808,兴趣群,user_94739930,2025-02-08 15:10:48,8
group_67818601,学习群,user_51408238,2022-05-09 03:39:31,7
group_84542998,家庭群,user_62693325,2016-07-13 13:15:38,10
group_12328351,其他群,user_77930917,2016-10-27 00:30:09,7
group_87956086,家庭群,user_97988707,2022-05-25 04:34:49,7
group_75907930,学习群,user_18771271,2020-09-13 13:20:13,7
group_33156822,工作群,user_78078577,2022-06-09 13:54:18,22
group_65596613,工作群,user_28500532,2021-11-26 11:38:57,7
group_89747665,行业群,user_55344710,2023-09-22 00:35:19,7
group_16352158,家庭群,user_70120165,2022-05-29 23:43:02,8
group_15475313,临时活动群,user_02961989,2017-04-21 10:00:12,7
group_72606740,学习群,user_13094041,2022-04-22 11:35:05,7
group_84122063,工作群,user_28448910,2018-05-26 06:50:33,7
group_76659557,工作群,user_82466397,2022-06-15 01:26:39,8
group_99847758,社区群,user_06516324,2021-10-16 04:24:34,8
group_14050990,宠物群,user_24259671,2024-03-24 12:45:39,7
group_75849496,学习群,user_04888862,2018-06-09 11:31:33,7
group_61284161,工作群,user_80243586,2022-05-05 10:08:30,7
group_35249675,家庭群,user_84636419,2016-09-24 06:25:04,7
group_82328360,摄影群,user_61663462,2021-02-19 11:59:20,7
group_85805914,艺术群,user_26809184,2018-12-01 02:57:11,7
group_40667723,工作群,user_75728282,2016-11-26 08:08:22,7
group_07039326,工作群,user_53343926,2018-09-12 19:15:55,7
group_72662763,学习群,user_14434361,2016-11-16 14:02:32,7
group_16098585,行业群,user_93645727,2022-01-09 04:03:24,7
group_02765329,兴趣群,user_69704113,2020-12-22 21:44:24,7
group_40043215,校友群,user_41957897,2021-02-24 23:35:51,7
group_85382530,校友群,user_37164176,2017-09-30 17:46:12,7
group_57461203,家庭群,user_20400610,2023-01-05 16:02:01,10
group_82017628,旅行群,user_90063647,2015-12-07 20:06:26,8
group_96237489,校友群,user_58381470,2022-04-25 02:07:03,7
group_04687756,社区群,user_80872482,2022-08-21 04:22:27,7
group_29344517,兴趣群,user_91596915,2024-02-18 02:35:56,7
group_39173205,学习群,user_86584219,2019-09-10 14:38:36,7
group_63284247,学习群,user_97988707,2023-01-29 10:02:07,7
group_38254085,游戏群,user_27475964,2022-05-06 17:28:41,7
group_67500300,学习群,user_03980600,2015-10-19 02:21:32,7
group_25667621,游戏群,user_30154436,2018-05-08 11:18:16,8
group_36785995,校友群,user_81486098,2021-10-12 19:13:06,9
group_50609059,兴趣群,user_69942951,2025-03-31 07:37:13,7
group_26921670,行业群,user_64136322,2021-04-13 13:08:24,7
group_86787802,音乐群,user_49484186,2021-09-16 15:01:06,7
group_86231621,家庭群,user_74362446,2020-12-10 02:37:20,7
group_00757408,家庭群,user_86723310,2022-04-09 10:33:11,7
group_34308689,学习群,user_23490018,2020-08-30 10:59:10,7
group_63477043,工作群,user_77512370,2024-04-21 19:23:49,14
group_17597547,兴趣群,user_31710350,2016-01-27 03:19:15,7
group_22714642,音乐群,user_64630382,2022-10-01 10:49:27,10
group_22868742,社区群,user_10889482,2015-12-11 20:31:13,7
group_19376209,家庭群,user_48724243,2022-08-23 14:33:16,18
group_79667750,工作群,user_86174666,2022-08-27 07:42:29,9
group_66888806,兴趣群,user_77847449,2020-12-01 16:30:22,7
group_01700437,其他群,user_53101076,2021-03-29 04:31:14,7
group_38449169,兴趣群,user_04012040,2021-12-31 04:00:10,8
group_50979019,时尚群,user_85585313,2019-12-08 07:41:47,8
group_01877851,学习群,user_64412252,2023-10-31 14:27:35,9
group_50595557,兴趣群,user_58230869,2020-08-12 07:54:13,7
group_12770190,运动群,user_38010901,2017-03-15 21:33:20,7
group_27386366,社区群,user_41623759,2024-10-14 13:40:22,8
group_35444766,工作群,user_07799457,2023-05-04 06:20:20,8
group_26074907,家庭群,user_92149742,2017-01-11 13:13:23,7
group_74440085,家庭群,user_44681455,2024-09-30 15:16:45,7
group_58561876,其他群,user_55759831,2021-08-02 11:50:48,7
group_92872906,家庭群,user_02120459,2024-09-24 02:18:15,7
group_09923862,临时活动群,user_17415432,2021-02-19 08:01:23,8
group_86263218,工作群,user_23416831,2023-02-21 21:49:20,7
group_15932998,兴趣群,user_76214310,2025-03-31 15:07:09,7
group_67786337,学习群,user_43766506,2018-01-05 05:12:45,7
group_95203897,行业群,user_25970202,2020-02-17 21:17:20,9
group_96701588,社区群,user_29471395,2021-05-19 13:55:08,7
group_54841767,音乐群,user_81766577,2023-02-28 08:10:46,11
group_17015453,科技群,user_43684990,2018-06-08 01:40:05,7
group_52175633,音乐群,user_93758869,2021-04-09 12:36:48,7
group_99886881,工作群,user_74193046,2023-10-20 09:28:26,8
group_96661946,行业群,user_88012011,2022-05-06 18:28:57,8
group_24624893,校友群,user_32830650,2024-04-29 19:54:51,7
group_40686534,校友群,user_29935760,2020-12-08 08:51:24,8
group_20875427,校友群,user_83935292,2022-04-15 23:02:57,7
group_34950065,其他群,user_81730731,2021-09-10 23:47:41,8
group_79738038,运动群,user_45628101,2016-10-07 02:21:40,7
group_86987612,工作群,user_37258284,2021-06-02 22:36:15,8
group_62953103,游戏群,user_28264922,2021-01-01 02:56:10,7
group_75957100,兴趣群,user_37513274,2021-11-21 21:46:13,7
group_56398512,运动群,user_58978676,2020-05-30 18:14:26,10
group_58762121,其他群,user_78390094,2020-02-15 21:08:44,7
group_77406331,其他群,user_32516814,2019-10-19 16:22:54,8
group_19785413,行业群,user_83252779,2024-04-29 05:13:06,7
group_07272206,家庭群,user_20702829,2022-09-16 11:04:01,7
group_54682700,家庭群,user_37757635,2017-03-05 20:59:34,7
group_79672609,家庭群,user_85894462,2022-03-28 04:51:53,7
group_77807434,工作群,user_32385915,2019-08-27 05:59:27,7
group_66699757,艺术群,user_82324466,2021-05-23 04:08:35,7
group_77158928,摄影群,user_59373437,2025-04-05 21:38:48,9
group_29443287,家庭群,user_61850247,2018-07-10 23:48:12,7
group_44120487,校友群,user_07672336,2019-03-04 18:24:28,7
group_46664357,校友群,user_77766874,2022-09-27 02:08:28,7
group_38163938,旅行群,user_81322090,2020-02-18 18:08:53,7
group_02457491,家庭群,user_12642685,2022-06-25 07:14:27,7
group_56045165,家庭群,user_15527369,2024-03-08 07:03:58,7
group_83133857,兴趣群,user_70505767,2018-02-10 04:48:24,10
group_75157838,家庭群,user_53757327,2017-12-16 09:01:56,7
group_17595268,游戏群,user_82354266,2020-01-16 02:16:00,7
group_10317258,游戏群,user_66695850,2025-02-23 22:19:42,7
group_92363750,临时活动群,user_47019418,2021-06-09 01:37:48,7
group_73431817,兴趣群,user_84876069,2021-12-29 07:05:52,8
